Date,Close
23-Apr-19,"$2,933.68 "
22-Apr-19,"$2,907.97 "
18-Apr-19,"$2,905.03 "
17-Apr-19,"$2,900.45 "
16-Apr-19,"$2,907.06 "
15-Apr-19,"$2,905.58 "
12-Apr-19,"$2,907.41 "
11-Apr-19,"$2,888.32 "
10-Apr-19,"$2,888.21 "
9-Apr-19,"$2,878.20 "
8-Apr-19,"$2,895.77 "
5-Apr-19,"$2,892.74 "
4-Apr-19,"$2,879.39 "
3-Apr-19,"$2,873.40 "
2-Apr-19,"$2,867.24 "
1-Apr-19,"$2,867.19 "
29-Mar-19,"$2,834.40 "
28-Mar-19,"$2,815.44 "
27-Mar-19,"$2,805.37 "
26-Mar-19,"$2,818.46 "
25-Mar-19,"$2,798.36 "
22-Mar-19,"$2,800.71 "
21-Mar-19,"$2,854.88 "
20-Mar-19,"$2,824.23 "
19-Mar-19,"$2,832.57 "
18-Mar-19,"$2,832.94 "
15-Mar-19,"$2,822.48 "
14-Mar-19,"$2,808.48 "
13-Mar-19,"$2,810.92 "
12-Mar-19,"$2,791.52 "
11-Mar-19,"$2,783.30 "
8-Mar-19,"$2,743.07 "
7-Mar-19,"$2,748.93 "
6-Mar-19,"$2,771.45 "
5-Mar-19,"$2,789.65 "
4-Mar-19,"$2,792.81 "
1-Mar-19,"$2,803.69 "
28-Feb-19,"$2,784.49 "
27-Feb-19,"$2,792.38 "
26-Feb-19,"$2,793.90 "
25-Feb-19,"$2,796.11 "
22-Feb-19,"$2,792.67 "
21-Feb-19,"$2,774.88 "
20-Feb-19,"$2,784.70 "
19-Feb-19,"$2,779.76 "
15-Feb-19,"$2,775.60 "
14-Feb-19,"$2,745.73 "
13-Feb-19,"$2,753.03 "
12-Feb-19,"$2,744.73 "
11-Feb-19,"$2,709.80 "
8-Feb-19,"$2,707.88 "
7-Feb-19,"$2,706.05 "
6-Feb-19,"$2,731.62 "
5-Feb-19,"$2,737.70 "
4-Feb-19,"$2,724.87 "
1-Feb-19,"$2,706.53 "
31-Jan-19,"$2,704.10 "
30-Jan-19,"$2,681.05 "
29-Jan-19,"$2,640.00 "
28-Jan-19,"$2,643.85 "
25-Jan-19,"$2,664.76 "
24-Jan-19,"$2,642.33 "
23-Jan-19,"$2,638.70 "
22-Jan-19,"$2,632.90 "
18-Jan-19,"$2,670.71 "
17-Jan-19,"$2,635.96 "
16-Jan-19,"$2,616.10 "
15-Jan-19,"$2,610.30 "
14-Jan-19,"$2,582.61 "
11-Jan-19,"$2,596.26 "
10-Jan-19,"$2,596.64 "
9-Jan-19,"$2,584.96 "
8-Jan-19,"$2,574.41 "
7-Jan-19,"$2,549.69 "
4-Jan-19,"$2,531.94 "
3-Jan-19,"$2,447.89 "
2-Jan-19,"$2,510.03 "
31-Dec-18,"$2,506.85 "
28-Dec-18,"$2,485.74 "
27-Dec-18,"$2,488.83 "
26-Dec-18,"$2,467.70 "
24-Dec-18,"$2,351.10 "
21-Dec-18,"$2,416.62 "
20-Dec-18,"$2,467.42 "
19-Dec-18,"$2,506.96 "
18-Dec-18,"$2,546.16 "
17-Dec-18,"$2,545.94 "
14-Dec-18,"$2,599.95 "
13-Dec-18,"$2,650.54 "
12-Dec-18,"$2,651.07 "
11-Dec-18,"$2,636.78 "
10-Dec-18,"$2,637.72 "
7-Dec-18,"$2,633.08 "
6-Dec-18,"$2,695.95 "
4-Dec-18,"$2,700.06 "
3-Dec-18,"$2,790.37 "
30-Nov-18,"$2,760.17 "
29-Nov-18,"$2,737.76 "
28-Nov-18,"$2,743.79 "
27-Nov-18,"$2,682.17 "
26-Nov-18,"$2,673.45 "
23-Nov-18,"$2,632.56 "
21-Nov-18,"$2,649.93 "
20-Nov-18,"$2,641.89 "
19-Nov-18,"$2,690.73 "
16-Nov-18,"$2,736.27 "
15-Nov-18,"$2,730.20 "
14-Nov-18,"$2,701.58 "
13-Nov-18,"$2,722.18 "
12-Nov-18,"$2,726.22 "
9-Nov-18,"$2,781.01 "
8-Nov-18,"$2,806.83 "
7-Nov-18,"$2,813.89 "
6-Nov-18,"$2,755.45 "
5-Nov-18,"$2,738.31 "
2-Nov-18,"$2,723.06 "
1-Nov-18,"$2,740.37 "
31-Oct-18,"$2,711.74 "
30-Oct-18,"$2,682.63 "
29-Oct-18,"$2,641.25 "
26-Oct-18,"$2,658.69 "
25-Oct-18,"$2,705.57 "
24-Oct-18,"$2,656.10 "
23-Oct-18,"$2,740.69 "
22-Oct-18,"$2,755.88 "
19-Oct-18,"$2,767.78 "
18-Oct-18,"$2,768.78 "
17-Oct-18,"$2,809.21 "
16-Oct-18,"$2,809.92 "
15-Oct-18,"$2,750.79 "
12-Oct-18,"$2,767.13 "
11-Oct-18,"$2,728.37 "
10-Oct-18,"$2,785.68 "
9-Oct-18,"$2,880.34 "
8-Oct-18,"$2,884.43 "
5-Oct-18,"$2,885.57 "
4-Oct-18,"$2,901.61 "
3-Oct-18,"$2,925.51 "
2-Oct-18,"$2,923.43 "
1-Oct-18,"$2,924.59 "
28-Sep-18,"$2,913.98 "
27-Sep-18,"$2,914.00 "
26-Sep-18,"$2,905.97 "
25-Sep-18,"$2,915.56 "
24-Sep-18,"$2,919.37 "
21-Sep-18,"$2,929.67 "
20-Sep-18,"$2,930.75 "
19-Sep-18,"$2,907.95 "
18-Sep-18,"$2,904.31 "
17-Sep-18,"$2,888.80 "
14-Sep-18,"$2,904.98 "
13-Sep-18,"$2,904.18 "
12-Sep-18,"$2,888.92 "
11-Sep-18,"$2,887.89 "
10-Sep-18,"$2,877.13 "
7-Sep-18,"$2,871.68 "
6-Sep-18,"$2,878.05 "
5-Sep-18,"$2,888.60 "
4-Sep-18,"$2,896.72 "
31-Aug-18,"$2,901.52 "
30-Aug-18,"$2,901.13 "
29-Aug-18,"$2,914.04 "
28-Aug-18,"$2,897.52 "
27-Aug-18,"$2,896.74 "
24-Aug-18,"$2,874.69 "
23-Aug-18,"$2,856.98 "
22-Aug-18,"$2,861.82 "
21-Aug-18,"$2,862.96 "
20-Aug-18,"$2,857.05 "
17-Aug-18,"$2,850.13 "
16-Aug-18,"$2,840.69 "
15-Aug-18,"$2,818.37 "
14-Aug-18,"$2,839.96 "
13-Aug-18,"$2,821.93 "
10-Aug-18,"$2,833.28 "
9-Aug-18,"$2,853.58 "
8-Aug-18,"$2,857.70 "
7-Aug-18,"$2,858.45 "
6-Aug-18,"$2,850.40 "
3-Aug-18,"$2,840.35 "
2-Aug-18,"$2,827.22 "
1-Aug-18,"$2,813.37 "
31-Jul-18,"$2,816.29 "
30-Jul-18,"$2,802.60 "
27-Jul-18,"$2,818.82 "
26-Jul-18,"$2,837.44 "
25-Jul-18,"$2,846.07 "
24-Jul-18,"$2,820.40 "
23-Jul-18,"$2,806.98 "
20-Jul-18,"$2,801.83 "
19-Jul-18,"$2,804.49 "
18-Jul-18,"$2,815.62 "
17-Jul-18,"$2,809.55 "
16-Jul-18,"$2,798.43 "
13-Jul-18,"$2,801.31 "
12-Jul-18,"$2,798.29 "
11-Jul-18,"$2,774.02 "
10-Jul-18,"$2,793.84 "
9-Jul-18,"$2,784.17 "
6-Jul-18,"$2,759.82 "
5-Jul-18,"$2,736.61 "
3-Jul-18,"$2,713.22 "
2-Jul-18,"$2,726.71 "
29-Jun-18,"$2,718.37 "
28-Jun-18,"$2,716.31 "
27-Jun-18,"$2,699.63 "
26-Jun-18,"$2,723.06 "
25-Jun-18,"$2,717.07 "
22-Jun-18,"$2,754.88 "
21-Jun-18,"$2,749.76 "
20-Jun-18,"$2,767.32 "
19-Jun-18,"$2,762.59 "
18-Jun-18,"$2,773.75 "
15-Jun-18,"$2,779.66 "
14-Jun-18,"$2,782.49 "
13-Jun-18,"$2,775.63 "
12-Jun-18,"$2,786.85 "
11-Jun-18,"$2,782.00 "
8-Jun-18,"$2,779.03 "
7-Jun-18,"$2,770.37 "
6-Jun-18,"$2,772.35 "
5-Jun-18,"$2,748.80 "
4-Jun-18,"$2,746.87 "
1-Jun-18,"$2,734.62 "
31-May-18,"$2,705.27 "
30-May-18,"$2,724.01 "
29-May-18,"$2,689.86 "
25-May-18,"$2,721.33 "
24-May-18,"$2,727.76 "
23-May-18,"$2,733.29 "
22-May-18,"$2,724.44 "
21-May-18,"$2,733.01 "
18-May-18,"$2,712.97 "
17-May-18,"$2,720.13 "
16-May-18,"$2,722.46 "
15-May-18,"$2,711.45 "
14-May-18,"$2,730.13 "
11-May-18,"$2,727.72 "
10-May-18,"$2,723.07 "
9-May-18,"$2,697.79 "
8-May-18,"$2,671.92 "
7-May-18,"$2,672.63 "
4-May-18,"$2,663.42 "
3-May-18,"$2,629.73 "
2-May-18,"$2,635.67 "
1-May-18,"$2,654.80 "
30-Apr-18,"$2,648.05 "
27-Apr-18,"$2,669.91 "
26-Apr-18,"$2,666.94 "
25-Apr-18,"$2,639.40 "
24-Apr-18,"$2,634.56 "
23-Apr-18,"$2,670.29 "
20-Apr-18,"$2,670.14 "
19-Apr-18,"$2,693.13 "
18-Apr-18,"$2,708.64 "
17-Apr-18,"$2,706.39 "
16-Apr-18,"$2,677.84 "
13-Apr-18,"$2,656.30 "
12-Apr-18,"$2,663.99 "
11-Apr-18,"$2,642.19 "
10-Apr-18,"$2,656.87 "
9-Apr-18,"$2,613.16 "
6-Apr-18,"$2,604.47 "
5-Apr-18,"$2,662.84 "
4-Apr-18,"$2,644.69 "
3-Apr-18,"$2,614.45 "
2-Apr-18,"$2,581.88 "
29-Mar-18,"$2,640.87 "
28-Mar-18,"$2,605.00 "
27-Mar-18,"$2,612.62 "
26-Mar-18,"$2,658.55 "
23-Mar-18,"$2,588.26 "
22-Mar-18,"$2,643.69 "
21-Mar-18,"$2,711.93 "
20-Mar-18,"$2,716.94 "
19-Mar-18,"$2,712.92 "
16-Mar-18,"$2,752.01 "
15-Mar-18,"$2,747.33 "
14-Mar-18,"$2,749.48 "
13-Mar-18,"$2,765.31 "
12-Mar-18,"$2,783.02 "
9-Mar-18,"$2,786.57 "
8-Mar-18,"$2,738.97 "
7-Mar-18,"$2,726.80 "
6-Mar-18,"$2,728.12 "
5-Mar-18,"$2,720.94 "
2-Mar-18,"$2,691.25 "
1-Mar-18,"$2,677.67 "
28-Feb-18,"$2,713.83 "
27-Feb-18,"$2,744.28 "
26-Feb-18,"$2,779.60 "
23-Feb-18,"$2,747.30 "
22-Feb-18,"$2,703.96 "
21-Feb-18,"$2,701.33 "
20-Feb-18,"$2,716.26 "
16-Feb-18,"$2,732.22 "
15-Feb-18,"$2,731.20 "
14-Feb-18,"$2,698.63 "
13-Feb-18,"$2,662.94 "
12-Feb-18,"$2,656.00 "
9-Feb-18,"$2,619.55 "
8-Feb-18,"$2,581.00 "
7-Feb-18,"$2,681.66 "
6-Feb-18,"$2,695.14 "
5-Feb-18,"$2,648.94 "
2-Feb-18,"$2,762.13 "
1-Feb-18,"$2,821.98 "
31-Jan-18,"$2,823.81 "
30-Jan-18,"$2,822.43 "
29-Jan-18,"$2,853.53 "
26-Jan-18,"$2,872.87 "
25-Jan-18,"$2,839.25 "
24-Jan-18,"$2,837.54 "
23-Jan-18,"$2,839.13 "
22-Jan-18,"$2,832.97 "
19-Jan-18,"$2,810.30 "
18-Jan-18,"$2,798.03 "
17-Jan-18,"$2,802.56 "
16-Jan-18,"$2,776.42 "
12-Jan-18,"$2,786.24 "
11-Jan-18,"$2,767.56 "
10-Jan-18,"$2,748.23 "
9-Jan-18,"$2,751.29 "
8-Jan-18,"$2,747.71 "
5-Jan-18,"$2,743.15 "
4-Jan-18,"$2,723.99 "
3-Jan-18,"$2,713.06 "
2-Jan-18,"$2,695.81 "
29-Dec-17,"$2,673.61 "
28-Dec-17,"$2,687.54 "
27-Dec-17,"$2,682.62 "
26-Dec-17,"$2,680.50 "
22-Dec-17,"$2,683.34 "
21-Dec-17,"$2,684.57 "
20-Dec-17,"$2,679.25 "
19-Dec-17,"$2,681.47 "
18-Dec-17,"$2,690.16 "
15-Dec-17,"$2,675.81 "
14-Dec-17,"$2,652.01 "
13-Dec-17,"$2,662.85 "
12-Dec-17,"$2,664.11 "
11-Dec-17,"$2,659.99 "
8-Dec-17,"$2,651.50 "
7-Dec-17,"$2,636.98 "
6-Dec-17,"$2,629.27 "
5-Dec-17,"$2,629.57 "
4-Dec-17,"$2,639.44 "
1-Dec-17,"$2,642.22 "
30-Nov-17,"$2,647.58 "
29-Nov-17,"$2,626.07 "
28-Nov-17,"$2,627.04 "
27-Nov-17,"$2,601.42 "
24-Nov-17,"$2,602.42 "
22-Nov-17,"$2,597.08 "
21-Nov-17,"$2,599.03 "
20-Nov-17,"$2,582.14 "
17-Nov-17,"$2,578.85 "
16-Nov-17,"$2,585.64 "
15-Nov-17,"$2,564.62 "
14-Nov-17,"$2,578.87 "
13-Nov-17,"$2,584.84 "
10-Nov-17,"$2,582.30 "
9-Nov-17,"$2,584.62 "
8-Nov-17,"$2,594.38 "
7-Nov-17,"$2,590.64 "
6-Nov-17,"$2,591.13 "
3-Nov-17,"$2,587.84 "
2-Nov-17,"$2,579.85 "
1-Nov-17,"$2,579.36 "
31-Oct-17,"$2,575.26 "
30-Oct-17,"$2,572.83 "
27-Oct-17,"$2,581.07 "
26-Oct-17,"$2,560.40 "
25-Oct-17,"$2,557.15 "
24-Oct-17,"$2,569.13 "
23-Oct-17,"$2,564.98 "
20-Oct-17,"$2,575.21 "
19-Oct-17,"$2,562.10 "
18-Oct-17,"$2,561.26 "
17-Oct-17,"$2,559.36 "
16-Oct-17,"$2,557.64 "
13-Oct-17,"$2,553.17 "
12-Oct-17,"$2,550.93 "
11-Oct-17,"$2,555.24 "
10-Oct-17,"$2,550.64 "
9-Oct-17,"$2,544.73 "
6-Oct-17,"$2,549.33 "
5-Oct-17,"$2,552.07 "
4-Oct-17,"$2,537.74 "
3-Oct-17,"$2,534.58 "
2-Oct-17,"$2,529.12 "
29-Sep-17,"$2,519.36 "
28-Sep-17,"$2,510.06 "
27-Sep-17,"$2,507.04 "
26-Sep-17,"$2,496.84 "
25-Sep-17,"$2,496.66 "
22-Sep-17,"$2,502.22 "
21-Sep-17,"$2,500.60 "
20-Sep-17,"$2,508.24 "
19-Sep-17,"$2,506.65 "
18-Sep-17,"$2,503.87 "
15-Sep-17,"$2,500.23 "
14-Sep-17,"$2,495.62 "
13-Sep-17,"$2,498.37 "
12-Sep-17,"$2,496.48 "
11-Sep-17,"$2,488.11 "
8-Sep-17,"$2,461.43 "
7-Sep-17,"$2,465.10 "
6-Sep-17,"$2,465.54 "
5-Sep-17,"$2,457.85 "
1-Sep-17,"$2,476.55 "
31-Aug-17,"$2,471.65 "
30-Aug-17,"$2,457.59 "
29-Aug-17,"$2,446.30 "
28-Aug-17,"$2,444.24 "
25-Aug-17,"$2,443.05 "
24-Aug-17,"$2,438.97 "
23-Aug-17,"$2,444.04 "
22-Aug-17,"$2,452.51 "
21-Aug-17,"$2,428.37 "
18-Aug-17,"$2,425.55 "
17-Aug-17,"$2,430.01 "
16-Aug-17,"$2,468.11 "
15-Aug-17,"$2,464.61 "
14-Aug-17,"$2,465.84 "
11-Aug-17,"$2,441.32 "
10-Aug-17,"$2,438.21 "
9-Aug-17,"$2,474.02 "
8-Aug-17,"$2,474.92 "
7-Aug-17,"$2,480.91 "
4-Aug-17,"$2,476.83 "
3-Aug-17,"$2,472.16 "
2-Aug-17,"$2,477.57 "
1-Aug-17,"$2,476.35 "
31-Jul-17,"$2,470.30 "
28-Jul-17,"$2,472.10 "
27-Jul-17,"$2,475.42 "
26-Jul-17,"$2,477.83 "
25-Jul-17,"$2,477.13 "
24-Jul-17,"$2,469.91 "
21-Jul-17,"$2,472.54 "
20-Jul-17,"$2,473.45 "
19-Jul-17,"$2,473.83 "
18-Jul-17,"$2,460.61 "
17-Jul-17,"$2,459.14 "
14-Jul-17,"$2,459.27 "
13-Jul-17,"$2,447.83 "
12-Jul-17,"$2,443.25 "
11-Jul-17,"$2,425.53 "
10-Jul-17,"$2,427.43 "
7-Jul-17,"$2,425.18 "
6-Jul-17,"$2,409.75 "
5-Jul-17,"$2,432.54 "
3-Jul-17,"$2,429.01 "
30-Jun-17,"$2,423.41 "
29-Jun-17,"$2,419.70 "
28-Jun-17,"$2,440.69 "
27-Jun-17,"$2,419.38 "
26-Jun-17,"$2,439.07 "
23-Jun-17,"$2,438.30 "
22-Jun-17,"$2,434.50 "
21-Jun-17,"$2,435.61 "
20-Jun-17,"$2,437.03 "
19-Jun-17,"$2,453.46 "
16-Jun-17,"$2,433.15 "
15-Jun-17,"$2,432.46 "
14-Jun-17,"$2,437.92 "
13-Jun-17,"$2,440.35 "
12-Jun-17,"$2,429.39 "
9-Jun-17,"$2,431.77 "
8-Jun-17,"$2,433.79 "
7-Jun-17,"$2,433.14 "
6-Jun-17,"$2,429.33 "
5-Jun-17,"$2,436.10 "
2-Jun-17,"$2,439.07 "
1-Jun-17,"$2,430.06 "
31-May-17,"$2,411.80 "
30-May-17,"$2,412.91 "
26-May-17,"$2,415.82 "
25-May-17,"$2,415.07 "
24-May-17,"$2,404.39 "
23-May-17,"$2,398.42 "
22-May-17,"$2,394.02 "
19-May-17,"$2,381.73 "
18-May-17,"$2,365.72 "
17-May-17,"$2,357.03 "
16-May-17,"$2,400.67 "
15-May-17,"$2,402.32 "
12-May-17,"$2,390.90 "
11-May-17,"$2,394.44 "
10-May-17,"$2,399.63 "
9-May-17,"$2,396.92 "
8-May-17,"$2,399.38 "
5-May-17,"$2,399.29 "
4-May-17,"$2,389.52 "
3-May-17,"$2,388.14 "
2-May-17,"$2,391.17 "
1-May-17,"$2,388.33 "
28-Apr-17,"$2,384.20 "
27-Apr-17,"$2,388.77 "
26-Apr-17,"$2,387.45 "
25-Apr-17,"$2,388.62 "
24-Apr-17,"$2,374.15 "
21-Apr-17,"$2,348.70 "
20-Apr-17,"$2,355.84 "
19-Apr-17,"$2,338.17 "
18-Apr-17,"$2,342.19 "
17-Apr-17,"$2,349.01 "
13-Apr-17,"$2,328.95 "
12-Apr-17,"$2,344.93 "
11-Apr-17,"$2,353.78 "
10-Apr-17,"$2,357.16 "
7-Apr-17,"$2,355.54 "
6-Apr-17,"$2,357.49 "
5-Apr-17,"$2,352.95 "
4-Apr-17,"$2,360.16 "
3-Apr-17,"$2,358.84 "
31-Mar-17,"$2,362.72 "
30-Mar-17,"$2,368.06 "
29-Mar-17,"$2,361.13 "
28-Mar-17,"$2,358.57 "
27-Mar-17,"$2,341.59 "
24-Mar-17,"$2,343.98 "
23-Mar-17,"$2,345.96 "
22-Mar-17,"$2,348.45 "
21-Mar-17,"$2,344.02 "
20-Mar-17,"$2,373.47 "
17-Mar-17,"$2,378.25 "
16-Mar-17,"$2,381.38 "
15-Mar-17,"$2,385.26 "
14-Mar-17,"$2,365.45 "
13-Mar-17,"$2,373.47 "
10-Mar-17,"$2,372.60 "
9-Mar-17,"$2,364.87 "
8-Mar-17,"$2,362.98 "
7-Mar-17,"$2,368.39 "
6-Mar-17,"$2,375.31 "
3-Mar-17,"$2,383.12 "
2-Mar-17,"$2,381.92 "
1-Mar-17,"$2,395.96 "
28-Feb-17,"$2,363.64 "
27-Feb-17,"$2,369.75 "
24-Feb-17,"$2,367.34 "
23-Feb-17,"$2,363.81 "
22-Feb-17,"$2,362.82 "
21-Feb-17,"$2,365.38 "
17-Feb-17,"$2,351.16 "
16-Feb-17,"$2,347.22 "
15-Feb-17,"$2,349.25 "
14-Feb-17,"$2,337.58 "
13-Feb-17,"$2,328.25 "
10-Feb-17,"$2,316.10 "
9-Feb-17,"$2,307.87 "
8-Feb-17,"$2,294.67 "
7-Feb-17,"$2,293.08 "
6-Feb-17,"$2,292.56 "
3-Feb-17,"$2,297.42 "
2-Feb-17,"$2,280.85 "
1-Feb-17,"$2,279.55 "
31-Jan-17,"$2,278.87 "
30-Jan-17,"$2,280.90 "
27-Jan-17,"$2,294.69 "
26-Jan-17,"$2,296.68 "
25-Jan-17,"$2,298.37 "
24-Jan-17,"$2,280.07 "
23-Jan-17,"$2,265.20 "
20-Jan-17,"$2,271.31 "
19-Jan-17,"$2,263.69 "
18-Jan-17,"$2,271.89 "
17-Jan-17,"$2,267.89 "
13-Jan-17,"$2,274.64 "
12-Jan-17,"$2,270.44 "
11-Jan-17,"$2,275.32 "
10-Jan-17,"$2,268.90 "
9-Jan-17,"$2,268.90 "
6-Jan-17,"$2,276.98 "
5-Jan-17,"$2,269.00 "
4-Jan-17,"$2,270.75 "
3-Jan-17,"$2,257.83 "
30-Dec-16,"$2,238.83 "
29-Dec-16,"$2,249.26 "
28-Dec-16,"$2,249.92 "
27-Dec-16,"$2,268.88 "
23-Dec-16,"$2,263.79 "
22-Dec-16,"$2,260.96 "
21-Dec-16,"$2,265.18 "
20-Dec-16,"$2,270.76 "
19-Dec-16,"$2,262.53 "
16-Dec-16,"$2,258.07 "
15-Dec-16,"$2,262.03 "
14-Dec-16,"$2,253.28 "
13-Dec-16,"$2,271.72 "
12-Dec-16,"$2,256.96 "
9-Dec-16,"$2,259.53 "
8-Dec-16,"$2,246.19 "
7-Dec-16,"$2,241.35 "
6-Dec-16,"$2,212.23 "
5-Dec-16,"$2,204.71 "
2-Dec-16,"$2,191.95 "
1-Dec-16,"$2,191.08 "
30-Nov-16,"$2,198.81 "
29-Nov-16,"$2,204.66 "
28-Nov-16,"$2,201.72 "
25-Nov-16,"$2,213.35 "
23-Nov-16,"$2,204.72 "
22-Nov-16,"$2,202.94 "
21-Nov-16,"$2,198.18 "
18-Nov-16,"$2,181.90 "
17-Nov-16,"$2,187.12 "
16-Nov-16,"$2,176.94 "
15-Nov-16,"$2,180.39 "
14-Nov-16,"$2,164.20 "
11-Nov-16,"$2,164.45 "
10-Nov-16,"$2,167.48 "
9-Nov-16,"$2,163.26 "
8-Nov-16,"$2,139.56 "
7-Nov-16,"$2,131.52 "
4-Nov-16,"$2,085.18 "
3-Nov-16,"$2,088.66 "
2-Nov-16,"$2,097.94 "
1-Nov-16,"$2,111.72 "
31-Oct-16,"$2,126.15 "
28-Oct-16,"$2,126.41 "
27-Oct-16,"$2,133.04 "
26-Oct-16,"$2,139.43 "
25-Oct-16,"$2,143.16 "
24-Oct-16,"$2,151.33 "
21-Oct-16,"$2,141.16 "
20-Oct-16,"$2,141.34 "
19-Oct-16,"$2,144.29 "
18-Oct-16,"$2,139.60 "
17-Oct-16,"$2,126.50 "
14-Oct-16,"$2,132.98 "
13-Oct-16,"$2,132.55 "
12-Oct-16,"$2,139.18 "
11-Oct-16,"$2,136.73 "
10-Oct-16,"$2,163.66 "
7-Oct-16,"$2,153.74 "
6-Oct-16,"$2,160.77 "
5-Oct-16,"$2,159.73 "
4-Oct-16,"$2,150.49 "
3-Oct-16,"$2,161.20 "
30-Sep-16,"$2,168.27 "
29-Sep-16,"$2,151.13 "
28-Sep-16,"$2,171.37 "
27-Sep-16,"$2,159.93 "
26-Sep-16,"$2,146.10 "
23-Sep-16,"$2,164.69 "
22-Sep-16,"$2,177.18 "
21-Sep-16,"$2,163.12 "
20-Sep-16,"$2,139.76 "
19-Sep-16,"$2,139.12 "
16-Sep-16,"$2,139.16 "
15-Sep-16,"$2,147.26 "
14-Sep-16,"$2,125.77 "
13-Sep-16,"$2,127.02 "
12-Sep-16,"$2,159.04 "
9-Sep-16,"$2,127.81 "
8-Sep-16,"$2,181.30 "
7-Sep-16,"$2,186.16 "
6-Sep-16,"$2,186.48 "
2-Sep-16,"$2,179.98 "
1-Sep-16,"$2,170.86 "
31-Aug-16,"$2,170.95 "
30-Aug-16,"$2,176.12 "
29-Aug-16,"$2,180.38 "
26-Aug-16,"$2,169.04 "
25-Aug-16,"$2,172.47 "
24-Aug-16,"$2,175.44 "
23-Aug-16,"$2,186.90 "
22-Aug-16,"$2,182.64 "
19-Aug-16,"$2,183.87 "
18-Aug-16,"$2,187.02 "
17-Aug-16,"$2,182.22 "
16-Aug-16,"$2,178.15 "
15-Aug-16,"$2,190.15 "
12-Aug-16,"$2,184.05 "
11-Aug-16,"$2,185.79 "
10-Aug-16,"$2,175.49 "
9-Aug-16,"$2,181.74 "
8-Aug-16,"$2,180.89 "
5-Aug-16,"$2,182.87 "
4-Aug-16,"$2,164.25 "
3-Aug-16,"$2,163.79 "
2-Aug-16,"$2,157.03 "
1-Aug-16,"$2,170.84 "
29-Jul-16,"$2,173.60 "
28-Jul-16,"$2,170.06 "
27-Jul-16,"$2,166.58 "
26-Jul-16,"$2,169.18 "
25-Jul-16,"$2,168.48 "
22-Jul-16,"$2,175.03 "
21-Jul-16,"$2,165.17 "
20-Jul-16,"$2,173.02 "
19-Jul-16,"$2,163.78 "
18-Jul-16,"$2,166.89 "
15-Jul-16,"$2,161.74 "
14-Jul-16,"$2,163.75 "
13-Jul-16,"$2,152.43 "
12-Jul-16,"$2,152.14 "
11-Jul-16,"$2,137.16 "
8-Jul-16,"$2,129.90 "
7-Jul-16,"$2,097.90 "
6-Jul-16,"$2,099.73 "
5-Jul-16,"$2,088.55 "
1-Jul-16,"$2,102.95 "
30-Jun-16,"$2,098.86 "
29-Jun-16,"$2,070.77 "
28-Jun-16,"$2,036.09 "
27-Jun-16,"$2,000.54 "
24-Jun-16,"$2,037.41 "
23-Jun-16,"$2,113.32 "
22-Jun-16,"$2,085.45 "
21-Jun-16,"$2,088.90 "
20-Jun-16,"$2,083.25 "
17-Jun-16,"$2,071.22 "
16-Jun-16,"$2,077.99 "
15-Jun-16,"$2,071.50 "
14-Jun-16,"$2,075.32 "
13-Jun-16,"$2,079.06 "
10-Jun-16,"$2,096.07 "
9-Jun-16,"$2,115.48 "
8-Jun-16,"$2,119.12 "
7-Jun-16,"$2,112.13 "
6-Jun-16,"$2,109.41 "
3-Jun-16,"$2,099.13 "
2-Jun-16,"$2,105.26 "
1-Jun-16,"$2,099.33 "
31-May-16,"$2,096.96 "
27-May-16,"$2,099.06 "
26-May-16,"$2,090.10 "
25-May-16,"$2,090.54 "
24-May-16,"$2,076.06 "
23-May-16,"$2,048.04 "
20-May-16,"$2,052.32 "
19-May-16,"$2,040.04 "
18-May-16,"$2,047.63 "
17-May-16,"$2,047.21 "
16-May-16,"$2,066.66 "
13-May-16,"$2,046.61 "
12-May-16,"$2,064.11 "
11-May-16,"$2,064.46 "
10-May-16,"$2,084.39 "
9-May-16,"$2,058.69 "
6-May-16,"$2,057.14 "
5-May-16,"$2,050.63 "
4-May-16,"$2,051.12 "
3-May-16,"$2,063.37 "
2-May-16,"$2,081.43 "
29-Apr-16,"$2,065.30 "
28-Apr-16,"$2,075.81 "
27-Apr-16,"$2,095.15 "
26-Apr-16,"$2,091.70 "
25-Apr-16,"$2,087.79 "
22-Apr-16,"$2,091.58 "
21-Apr-16,"$2,091.48 "
20-Apr-16,"$2,102.40 "
19-Apr-16,"$2,100.80 "
18-Apr-16,"$2,094.34 "
15-Apr-16,"$2,080.73 "
14-Apr-16,"$2,082.78 "
13-Apr-16,"$2,082.42 "
12-Apr-16,"$2,061.72 "
11-Apr-16,"$2,041.99 "
8-Apr-16,"$2,047.60 "
7-Apr-16,"$2,041.91 "
6-Apr-16,"$2,066.66 "
5-Apr-16,"$2,045.17 "
4-Apr-16,"$2,066.13 "
1-Apr-16,"$2,072.78 "
31-Mar-16,"$2,059.74 "
30-Mar-16,"$2,063.95 "
29-Mar-16,"$2,055.01 "
28-Mar-16,"$2,037.05 "
24-Mar-16,"$2,035.94 "
23-Mar-16,"$2,036.71 "
22-Mar-16,"$2,049.80 "
21-Mar-16,"$2,051.60 "
18-Mar-16,"$2,049.58 "
17-Mar-16,"$2,040.59 "
16-Mar-16,"$2,027.22 "
15-Mar-16,"$2,015.93 "
14-Mar-16,"$2,019.64 "
11-Mar-16,"$2,022.19 "
10-Mar-16,"$1,989.57 "
9-Mar-16,"$1,989.27 "
8-Mar-16,"$1,979.26 "
7-Mar-16,"$2,001.76 "
4-Mar-16,"$1,999.99 "
3-Mar-16,"$1,993.40 "
2-Mar-16,"$1,986.45 "
1-Mar-16,"$1,978.35 "
29-Feb-16,"$1,932.23 "
26-Feb-16,"$1,948.05 "
25-Feb-16,"$1,951.70 "
24-Feb-16,"$1,929.80 "
23-Feb-16,"$1,921.27 "
22-Feb-16,"$1,945.50 "
19-Feb-16,"$1,917.78 "
18-Feb-16,"$1,917.83 "
17-Feb-16,"$1,926.83 "
16-Feb-16,"$1,895.58 "
12-Feb-16,"$1,864.78 "
11-Feb-16,"$1,829.08 "
10-Feb-16,"$1,851.86 "
9-Feb-16,"$1,852.21 "
8-Feb-16,"$1,853.44 "
5-Feb-16,"$1,880.05 "
4-Feb-16,"$1,915.45 "
3-Feb-16,"$1,912.53 "
2-Feb-16,"$1,903.03 "
1-Feb-16,"$1,939.38 "
29-Jan-16,"$1,940.24 "
28-Jan-16,"$1,893.36 "
27-Jan-16,"$1,882.95 "
26-Jan-16,"$1,903.63 "
25-Jan-16,"$1,877.08 "
22-Jan-16,"$1,906.90 "
21-Jan-16,"$1,868.99 "
20-Jan-16,"$1,859.33 "
19-Jan-16,"$1,881.33 "
15-Jan-16,"$1,880.33 "
14-Jan-16,"$1,921.84 "
13-Jan-16,"$1,890.28 "
12-Jan-16,"$1,938.68 "
11-Jan-16,"$1,923.67 "
8-Jan-16,"$1,922.03 "
7-Jan-16,"$1,943.09 "
6-Jan-16,"$1,990.26 "
5-Jan-16,"$2,016.71 "
4-Jan-16,"$2,012.66 "
31-Dec-15,"$2,043.94 "
30-Dec-15,"$2,063.36 "
29-Dec-15,"$2,078.36 "
28-Dec-15,"$2,056.50 "
24-Dec-15,"$2,060.99 "
23-Dec-15,"$2,064.29 "
22-Dec-15,"$2,038.97 "
21-Dec-15,"$2,021.15 "
18-Dec-15,"$2,005.55 "
17-Dec-15,"$2,041.89 "
16-Dec-15,"$2,073.07 "
15-Dec-15,"$2,043.41 "
14-Dec-15,"$2,021.94 "
11-Dec-15,"$2,012.37 "
10-Dec-15,"$2,052.23 "
9-Dec-15,"$2,047.62 "
8-Dec-15,"$2,063.59 "
7-Dec-15,"$2,077.07 "
4-Dec-15,"$2,091.69 "
3-Dec-15,"$2,049.62 "
2-Dec-15,"$2,079.51 "
1-Dec-15,"$2,102.63 "
30-Nov-15,"$2,080.41 "
27-Nov-15,"$2,090.11 "
25-Nov-15,"$2,088.87 "
24-Nov-15,"$2,089.14 "
23-Nov-15,"$2,086.59 "
20-Nov-15,"$2,089.17 "
19-Nov-15,"$2,081.24 "
18-Nov-15,"$2,083.58 "
17-Nov-15,"$2,050.44 "
16-Nov-15,"$2,053.19 "
13-Nov-15,"$2,023.04 "
12-Nov-15,"$2,045.97 "
11-Nov-15,"$2,075.00 "
10-Nov-15,"$2,081.72 "
9-Nov-15,"$2,078.58 "
6-Nov-15,"$2,099.20 "
5-Nov-15,"$2,099.93 "
4-Nov-15,"$2,102.31 "
3-Nov-15,"$2,109.79 "
2-Nov-15,"$2,104.05 "
30-Oct-15,"$2,079.36 "
29-Oct-15,"$2,089.41 "
28-Oct-15,"$2,090.35 "
27-Oct-15,"$2,065.89 "
26-Oct-15,"$2,071.18 "
23-Oct-15,"$2,075.15 "
22-Oct-15,"$2,052.51 "
21-Oct-15,"$2,018.94 "
20-Oct-15,"$2,030.77 "
19-Oct-15,"$2,033.66 "
16-Oct-15,"$2,033.11 "
15-Oct-15,"$2,023.86 "
14-Oct-15,"$1,994.24 "
13-Oct-15,"$2,003.69 "
12-Oct-15,"$2,017.46 "
9-Oct-15,"$2,014.89 "
8-Oct-15,"$2,013.43 "
7-Oct-15,"$1,995.83 "
6-Oct-15,"$1,979.92 "
5-Oct-15,"$1,987.05 "
2-Oct-15,"$1,951.36 "
1-Oct-15,"$1,923.82 "
30-Sep-15,"$1,920.03 "
29-Sep-15,"$1,884.09 "
28-Sep-15,"$1,881.77 "
25-Sep-15,"$1,931.34 "
24-Sep-15,"$1,932.24 "
23-Sep-15,"$1,938.76 "
22-Sep-15,"$1,942.74 "
21-Sep-15,"$1,966.97 "
18-Sep-15,"$1,958.03 "
17-Sep-15,"$1,990.20 "
16-Sep-15,"$1,995.31 "
15-Sep-15,"$1,978.09 "
14-Sep-15,"$1,953.03 "
11-Sep-15,"$1,961.05 "
10-Sep-15,"$1,952.29 "
9-Sep-15,"$1,942.04 "
8-Sep-15,"$1,969.41 "
4-Sep-15,"$1,921.22 "
3-Sep-15,"$1,951.13 "
2-Sep-15,"$1,948.86 "
1-Sep-15,"$1,913.85 "
31-Aug-15,"$1,972.18 "
28-Aug-15,"$1,988.87 "
27-Aug-15,"$1,987.66 "
26-Aug-15,"$1,940.51 "
25-Aug-15,"$1,867.61 "
24-Aug-15,"$1,893.21 "
21-Aug-15,"$1,970.89 "
20-Aug-15,"$2,035.73 "
19-Aug-15,"$2,079.61 "
18-Aug-15,"$2,096.92 "
17-Aug-15,"$2,102.44 "
14-Aug-15,"$2,091.54 "
13-Aug-15,"$2,083.39 "
12-Aug-15,"$2,086.05 "
11-Aug-15,"$2,084.07 "
10-Aug-15,"$2,104.18 "
7-Aug-15,"$2,077.57 "
6-Aug-15,"$2,083.56 "
5-Aug-15,"$2,099.84 "
4-Aug-15,"$2,093.32 "
3-Aug-15,"$2,098.04 "
31-Jul-15,"$2,103.84 "
30-Jul-15,"$2,108.63 "
29-Jul-15,"$2,108.57 "
28-Jul-15,"$2,093.25 "
27-Jul-15,"$2,067.64 "
24-Jul-15,"$2,079.65 "
23-Jul-15,"$2,102.15 "
22-Jul-15,"$2,114.15 "
21-Jul-15,"$2,119.21 "
20-Jul-15,"$2,128.28 "
17-Jul-15,"$2,126.64 "
16-Jul-15,"$2,124.29 "
15-Jul-15,"$2,107.40 "
14-Jul-15,"$2,108.96 "
13-Jul-15,"$2,099.60 "
10-Jul-15,"$2,076.62 "
9-Jul-15,"$2,051.31 "
8-Jul-15,"$2,046.68 "
7-Jul-15,"$2,081.34 "
6-Jul-15,"$2,068.76 "
2-Jul-15,"$2,076.78 "
1-Jul-15,"$2,077.42 "
30-Jun-15,"$2,063.11 "
29-Jun-15,"$2,057.64 "
26-Jun-15,"$2,101.49 "
25-Jun-15,"$2,102.31 "
24-Jun-15,"$2,108.58 "
23-Jun-15,"$2,124.20 "
22-Jun-15,"$2,122.85 "
19-Jun-15,"$2,109.99 "
18-Jun-15,"$2,121.24 "
17-Jun-15,"$2,100.44 "
16-Jun-15,"$2,096.29 "
15-Jun-15,"$2,084.43 "
12-Jun-15,"$2,094.11 "
11-Jun-15,"$2,108.86 "
10-Jun-15,"$2,105.20 "
9-Jun-15,"$2,080.15 "
8-Jun-15,"$2,079.28 "
5-Jun-15,"$2,092.83 "
4-Jun-15,"$2,095.84 "
3-Jun-15,"$2,114.07 "
2-Jun-15,"$2,109.60 "
1-Jun-15,"$2,111.73 "
29-May-15,"$2,107.39 "
28-May-15,"$2,120.79 "
27-May-15,"$2,123.48 "
26-May-15,"$2,104.20 "
22-May-15,"$2,126.06 "
21-May-15,"$2,130.82 "
20-May-15,"$2,125.85 "
19-May-15,"$2,127.83 "
18-May-15,"$2,129.20 "
15-May-15,"$2,122.73 "
14-May-15,"$2,121.10 "
13-May-15,"$2,098.48 "
12-May-15,"$2,099.12 "
11-May-15,"$2,105.33 "
8-May-15,"$2,116.10 "
7-May-15,"$2,088.00 "
6-May-15,"$2,080.15 "
5-May-15,"$2,089.46 "
4-May-15,"$2,114.49 "
1-May-15,"$2,108.29 "
30-Apr-15,"$2,085.51 "
29-Apr-15,"$2,106.85 "
28-Apr-15,"$2,114.76 "
27-Apr-15,"$2,108.92 "
24-Apr-15,"$2,117.69 "
23-Apr-15,"$2,112.93 "
22-Apr-15,"$2,107.96 "
21-Apr-15,"$2,097.29 "
20-Apr-15,"$2,100.40 "
17-Apr-15,"$2,081.18 "
16-Apr-15,"$2,104.99 "
15-Apr-15,"$2,106.63 "
14-Apr-15,"$2,095.84 "
13-Apr-15,"$2,092.43 "
10-Apr-15,"$2,102.06 "
9-Apr-15,"$2,091.18 "
8-Apr-15,"$2,081.90 "
7-Apr-15,"$2,076.33 "
6-Apr-15,"$2,080.62 "
2-Apr-15,"$2,066.96 "
1-Apr-15,"$2,059.69 "
31-Mar-15,"$2,067.89 "
30-Mar-15,"$2,086.24 "
27-Mar-15,"$2,061.02 "
26-Mar-15,"$2,056.15 "
25-Mar-15,"$2,061.05 "
24-Mar-15,"$2,091.50 "
23-Mar-15,"$2,104.42 "
20-Mar-15,"$2,108.10 "
19-Mar-15,"$2,089.27 "
18-Mar-15,"$2,099.50 "
17-Mar-15,"$2,074.28 "
16-Mar-15,"$2,081.19 "
13-Mar-15,"$2,053.40 "
12-Mar-15,"$2,065.95 "
11-Mar-15,"$2,040.24 "
10-Mar-15,"$2,044.16 "
9-Mar-15,"$2,079.43 "
6-Mar-15,"$2,071.26 "
5-Mar-15,"$2,101.04 "
4-Mar-15,"$2,098.53 "
3-Mar-15,"$2,107.78 "
2-Mar-15,"$2,117.39 "
27-Feb-15,"$2,104.50 "
26-Feb-15,"$2,110.74 "
25-Feb-15,"$2,113.86 "
24-Feb-15,"$2,115.48 "
23-Feb-15,"$2,109.66 "
20-Feb-15,"$2,110.30 "
19-Feb-15,"$2,097.45 "
18-Feb-15,"$2,099.68 "
17-Feb-15,"$2,100.34 "
13-Feb-15,"$2,096.99 "
12-Feb-15,"$2,088.48 "
11-Feb-15,"$2,068.53 "
10-Feb-15,"$2,068.59 "
9-Feb-15,"$2,046.74 "
6-Feb-15,"$2,055.47 "
5-Feb-15,"$2,062.52 "
4-Feb-15,"$2,041.51 "
3-Feb-15,"$2,050.03 "
2-Feb-15,"$2,020.85 "
30-Jan-15,"$1,994.99 "
29-Jan-15,"$2,021.25 "
28-Jan-15,"$2,002.16 "
27-Jan-15,"$2,029.55 "
26-Jan-15,"$2,057.09 "
23-Jan-15,"$2,051.82 "
22-Jan-15,"$2,063.15 "
21-Jan-15,"$2,032.12 "
20-Jan-15,"$2,022.55 "
16-Jan-15,"$2,019.42 "
15-Jan-15,"$1,992.67 "
14-Jan-15,"$2,011.27 "
13-Jan-15,"$2,023.03 "
12-Jan-15,"$2,028.26 "
9-Jan-15,"$2,044.81 "
8-Jan-15,"$2,062.14 "
7-Jan-15,"$2,025.90 "
6-Jan-15,"$2,002.61 "
5-Jan-15,"$2,020.58 "
2-Jan-15,"$2,058.20 "
31-Dec-14,"$2,058.90 "
30-Dec-14,"$2,080.35 "
29-Dec-14,"$2,090.57 "
26-Dec-14,"$2,088.77 "
24-Dec-14,"$2,081.88 "
23-Dec-14,"$2,082.17 "
22-Dec-14,"$2,078.54 "
19-Dec-14,"$2,070.65 "
18-Dec-14,"$2,061.23 "
17-Dec-14,"$2,012.89 "
16-Dec-14,"$1,972.74 "
15-Dec-14,"$1,989.63 "
12-Dec-14,"$2,002.33 "
11-Dec-14,"$2,035.33 "
10-Dec-14,"$2,026.14 "
9-Dec-14,"$2,059.82 "
8-Dec-14,"$2,060.31 "
5-Dec-14,"$2,075.37 "
4-Dec-14,"$2,071.92 "
3-Dec-14,"$2,074.33 "
2-Dec-14,"$2,066.55 "
1-Dec-14,"$2,053.44 "
28-Nov-14,"$2,067.56 "
26-Nov-14,"$2,072.83 "
25-Nov-14,"$2,067.03 "
24-Nov-14,"$2,069.41 "
21-Nov-14,"$2,063.50 "
20-Nov-14,"$2,052.75 "
19-Nov-14,"$2,048.72 "
18-Nov-14,"$2,051.80 "
17-Nov-14,"$2,041.32 "
14-Nov-14,"$2,039.82 "
13-Nov-14,"$2,039.33 "
12-Nov-14,"$2,038.25 "
11-Nov-14,"$2,039.68 "
10-Nov-14,"$2,038.26 "
7-Nov-14,"$2,031.92 "
6-Nov-14,"$2,031.21 "
5-Nov-14,"$2,023.57 "
4-Nov-14,"$2,012.10 "
3-Nov-14,"$2,017.81 "
31-Oct-14,"$2,018.05 "
30-Oct-14,"$1,994.65 "
29-Oct-14,"$1,982.30 "
28-Oct-14,"$1,985.05 "
27-Oct-14,"$1,961.63 "
24-Oct-14,"$1,964.58 "
23-Oct-14,"$1,950.82 "
22-Oct-14,"$1,927.11 "
21-Oct-14,"$1,941.28 "
20-Oct-14,"$1,904.01 "
17-Oct-14,"$1,886.76 "
16-Oct-14,"$1,862.76 "
15-Oct-14,"$1,862.49 "
14-Oct-14,"$1,877.70 "
13-Oct-14,"$1,874.74 "
10-Oct-14,"$1,906.13 "
9-Oct-14,"$1,928.21 "
8-Oct-14,"$1,968.89 "
7-Oct-14,"$1,935.10 "
6-Oct-14,"$1,964.82 "
3-Oct-14,"$1,967.90 "
2-Oct-14,"$1,946.17 "
1-Oct-14,"$1,946.16 "
30-Sep-14,"$1,972.29 "
29-Sep-14,"$1,977.80 "
26-Sep-14,"$1,982.85 "
25-Sep-14,"$1,965.99 "
24-Sep-14,"$1,998.30 "
23-Sep-14,"$1,982.77 "
22-Sep-14,"$1,994.29 "
19-Sep-14,"$2,010.40 "
18-Sep-14,"$2,011.36 "
17-Sep-14,"$2,001.57 "
16-Sep-14,"$1,998.98 "
15-Sep-14,"$1,984.13 "
12-Sep-14,"$1,985.54 "
11-Sep-14,"$1,997.45 "
10-Sep-14,"$1,995.69 "
9-Sep-14,"$1,988.44 "
8-Sep-14,"$2,001.54 "
5-Sep-14,"$2,007.71 "
4-Sep-14,"$1,997.65 "
3-Sep-14,"$2,000.72 "
2-Sep-14,"$2,002.28 "
29-Aug-14,"$2,003.37 "
28-Aug-14,"$1,996.74 "
27-Aug-14,"$2,000.12 "
26-Aug-14,"$2,000.02 "
25-Aug-14,"$1,997.92 "
22-Aug-14,"$1,988.40 "
21-Aug-14,"$1,992.37 "
20-Aug-14,"$1,986.51 "
19-Aug-14,"$1,981.60 "
18-Aug-14,"$1,971.74 "
15-Aug-14,"$1,955.06 "
14-Aug-14,"$1,955.18 "
13-Aug-14,"$1,946.72 "
12-Aug-14,"$1,933.75 "
11-Aug-14,"$1,936.92 "
8-Aug-14,"$1,931.59 "
7-Aug-14,"$1,909.57 "
6-Aug-14,"$1,920.24 "
5-Aug-14,"$1,920.21 "
4-Aug-14,"$1,938.99 "
1-Aug-14,"$1,925.15 "
31-Jul-14,"$1,930.67 "
30-Jul-14,"$1,970.07 "
29-Jul-14,"$1,969.95 "
28-Jul-14,"$1,978.91 "
25-Jul-14,"$1,978.34 "
24-Jul-14,"$1,987.98 "
23-Jul-14,"$1,987.01 "
22-Jul-14,"$1,983.53 "
21-Jul-14,"$1,973.63 "
18-Jul-14,"$1,978.22 "
17-Jul-14,"$1,958.12 "
16-Jul-14,"$1,981.57 "
15-Jul-14,"$1,973.28 "
14-Jul-14,"$1,977.10 "
11-Jul-14,"$1,967.57 "
10-Jul-14,"$1,964.68 "
9-Jul-14,"$1,972.83 "
8-Jul-14,"$1,963.71 "
7-Jul-14,"$1,977.65 "
3-Jul-14,"$1,985.44 "
2-Jul-14,"$1,974.62 "
1-Jul-14,"$1,973.32 "
30-Jun-14,"$1,960.23 "
27-Jun-14,"$1,960.96 "
26-Jun-14,"$1,957.22 "
25-Jun-14,"$1,959.53 "
24-Jun-14,"$1,949.98 "
23-Jun-14,"$1,962.61 "
20-Jun-14,"$1,962.87 "
19-Jun-14,"$1,959.48 "
18-Jun-14,"$1,956.98 "
17-Jun-14,"$1,941.99 "
16-Jun-14,"$1,937.78 "
13-Jun-14,"$1,936.16 "
12-Jun-14,"$1,930.11 "
11-Jun-14,"$1,943.89 "
10-Jun-14,"$1,950.79 "
9-Jun-14,"$1,951.27 "
6-Jun-14,"$1,949.44 "
5-Jun-14,"$1,940.46 "
4-Jun-14,"$1,927.88 "
3-Jun-14,"$1,924.24 "
2-Jun-14,"$1,924.97 "
30-May-14,"$1,923.57 "
29-May-14,"$1,920.03 "
28-May-14,"$1,909.78 "
27-May-14,"$1,911.91 "
23-May-14,"$1,900.53 "
22-May-14,"$1,892.49 "
21-May-14,"$1,888.03 "
20-May-14,"$1,872.83 "
19-May-14,"$1,885.09 "
16-May-14,"$1,877.86 "
15-May-14,"$1,870.85 "
14-May-14,"$1,888.53 "
13-May-14,"$1,897.45 "
12-May-14,"$1,896.65 "
9-May-14,"$1,878.48 "
8-May-14,"$1,875.63 "
7-May-14,"$1,878.21 "
6-May-14,"$1,867.72 "
5-May-14,"$1,884.66 "
2-May-14,"$1,881.14 "
1-May-14,"$1,883.68 "
30-Apr-14,"$1,883.95 "
29-Apr-14,"$1,878.33 "
28-Apr-14,"$1,869.43 "
25-Apr-14,"$1,863.40 "
24-Apr-14,"$1,878.61 "
23-Apr-14,"$1,875.39 "
22-Apr-14,"$1,879.55 "
21-Apr-14,"$1,871.89 "
17-Apr-14,"$1,864.85 "
16-Apr-14,"$1,862.31 "
15-Apr-14,"$1,842.98 "
14-Apr-14,"$1,830.61 "
11-Apr-14,"$1,815.69 "
10-Apr-14,"$1,833.08 "
9-Apr-14,"$1,872.18 "
8-Apr-14,"$1,851.96 "
7-Apr-14,"$1,845.04 "
4-Apr-14,"$1,865.09 "
3-Apr-14,"$1,888.77 "
2-Apr-14,"$1,890.90 "
1-Apr-14,"$1,885.52 "
31-Mar-14,"$1,872.34 "
28-Mar-14,"$1,857.62 "
27-Mar-14,"$1,849.04 "
26-Mar-14,"$1,852.56 "
25-Mar-14,"$1,865.62 "
24-Mar-14,"$1,857.44 "
21-Mar-14,"$1,866.52 "
20-Mar-14,"$1,872.01 "
19-Mar-14,"$1,860.77 "
18-Mar-14,"$1,872.25 "
17-Mar-14,"$1,858.83 "
14-Mar-14,"$1,841.13 "
13-Mar-14,"$1,846.34 "
12-Mar-14,"$1,868.20 "
11-Mar-14,"$1,867.63 "
10-Mar-14,"$1,877.17 "
7-Mar-14,"$1,878.04 "
6-Mar-14,"$1,877.03 "
5-Mar-14,"$1,873.81 "
4-Mar-14,"$1,873.91 "
3-Mar-14,"$1,845.73 "
28-Feb-14,"$1,859.45 "
27-Feb-14,"$1,854.29 "
26-Feb-14,"$1,845.16 "
25-Feb-14,"$1,845.12 "
24-Feb-14,"$1,847.61 "
21-Feb-14,"$1,836.25 "
20-Feb-14,"$1,839.78 "
19-Feb-14,"$1,828.75 "
18-Feb-14,"$1,840.76 "
14-Feb-14,"$1,838.63 "
13-Feb-14,"$1,829.83 "
12-Feb-14,"$1,819.26 "
11-Feb-14,"$1,819.75 "
10-Feb-14,"$1,799.84 "
7-Feb-14,"$1,797.02 "
6-Feb-14,"$1,773.43 "
5-Feb-14,"$1,751.64 "
4-Feb-14,"$1,755.20 "
3-Feb-14,"$1,741.89 "
31-Jan-14,"$1,782.59 "
30-Jan-14,"$1,794.19 "
29-Jan-14,"$1,774.20 "
28-Jan-14,"$1,792.50 "
27-Jan-14,"$1,781.56 "
24-Jan-14,"$1,790.29 "
23-Jan-14,"$1,828.46 "
22-Jan-14,"$1,844.86 "
21-Jan-14,"$1,843.80 "
17-Jan-14,"$1,838.70 "
16-Jan-14,"$1,845.89 "
15-Jan-14,"$1,848.38 "
14-Jan-14,"$1,838.88 "
13-Jan-14,"$1,819.20 "
10-Jan-14,"$1,842.37 "
9-Jan-14,"$1,838.13 "
8-Jan-14,"$1,837.49 "
7-Jan-14,"$1,837.88 "
6-Jan-14,"$1,826.77 "
3-Jan-14,"$1,831.37 "
2-Jan-14,"$1,831.98 "
31-Dec-13,"$1,848.36 "
30-Dec-13,"$1,841.07 "
27-Dec-13,"$1,841.40 "
26-Dec-13,"$1,842.02 "
24-Dec-13,"$1,833.32 "
23-Dec-13,"$1,827.99 "
20-Dec-13,"$1,818.32 "
19-Dec-13,"$1,809.60 "
18-Dec-13,"$1,810.65 "
17-Dec-13,"$1,781.00 "
16-Dec-13,"$1,786.54 "
13-Dec-13,"$1,775.32 "
12-Dec-13,"$1,775.50 "
11-Dec-13,"$1,782.22 "
10-Dec-13,"$1,802.62 "
9-Dec-13,"$1,808.37 "
6-Dec-13,"$1,805.09 "
5-Dec-13,"$1,785.03 "
4-Dec-13,"$1,792.81 "
3-Dec-13,"$1,795.15 "
2-Dec-13,"$1,800.90 "
29-Nov-13,"$1,805.81 "
27-Nov-13,"$1,807.23 "
26-Nov-13,"$1,802.75 "
25-Nov-13,"$1,802.48 "
22-Nov-13,"$1,804.76 "
21-Nov-13,"$1,795.85 "
20-Nov-13,"$1,781.37 "
19-Nov-13,"$1,787.87 "
18-Nov-13,"$1,791.53 "
15-Nov-13,"$1,798.18 "
14-Nov-13,"$1,790.62 "
13-Nov-13,"$1,782.00 "
12-Nov-13,"$1,767.69 "
11-Nov-13,"$1,771.89 "
8-Nov-13,"$1,770.61 "
7-Nov-13,"$1,747.15 "
6-Nov-13,"$1,770.49 "
5-Nov-13,"$1,762.97 "
4-Nov-13,"$1,767.93 "
1-Nov-13,"$1,761.64 "
31-Oct-13,"$1,756.54 "
30-Oct-13,"$1,763.31 "
29-Oct-13,"$1,771.95 "
28-Oct-13,"$1,762.11 "
25-Oct-13,"$1,759.77 "
24-Oct-13,"$1,752.07 "
23-Oct-13,"$1,746.38 "
22-Oct-13,"$1,754.67 "
21-Oct-13,"$1,744.66 "
18-Oct-13,"$1,744.50 "
17-Oct-13,"$1,733.15 "
16-Oct-13,"$1,721.54 "
15-Oct-13,"$1,698.06 "
14-Oct-13,"$1,710.14 "
11-Oct-13,"$1,703.20 "
10-Oct-13,"$1,692.56 "
9-Oct-13,"$1,656.40 "
8-Oct-13,"$1,655.45 "
7-Oct-13,"$1,676.12 "
4-Oct-13,"$1,690.50 "
3-Oct-13,"$1,678.66 "
2-Oct-13,"$1,693.87 "
1-Oct-13,"$1,695.00 "
30-Sep-13,"$1,681.55 "
27-Sep-13,"$1,691.75 "
26-Sep-13,"$1,698.67 "
25-Sep-13,"$1,692.77 "
24-Sep-13,"$1,697.42 "
23-Sep-13,"$1,701.84 "
20-Sep-13,"$1,709.91 "
19-Sep-13,"$1,722.34 "
18-Sep-13,"$1,725.52 "
17-Sep-13,"$1,704.76 "
16-Sep-13,"$1,697.60 "
13-Sep-13,"$1,687.99 "
12-Sep-13,"$1,683.42 "
11-Sep-13,"$1,689.13 "
10-Sep-13,"$1,683.99 "
9-Sep-13,"$1,671.71 "
6-Sep-13,"$1,655.17 "
5-Sep-13,"$1,655.08 "
4-Sep-13,"$1,653.08 "
3-Sep-13,"$1,639.77 "
30-Aug-13,"$1,632.97 "
29-Aug-13,"$1,638.17 "
28-Aug-13,"$1,634.96 "
27-Aug-13,"$1,630.48 "
26-Aug-13,"$1,656.78 "
23-Aug-13,"$1,663.50 "
22-Aug-13,"$1,656.96 "
21-Aug-13,"$1,642.80 "
20-Aug-13,"$1,652.35 "
19-Aug-13,"$1,646.06 "
16-Aug-13,"$1,655.83 "
15-Aug-13,"$1,661.32 "
14-Aug-13,"$1,685.39 "
13-Aug-13,"$1,694.16 "
12-Aug-13,"$1,689.47 "
9-Aug-13,"$1,691.42 "
8-Aug-13,"$1,697.48 "
7-Aug-13,"$1,690.91 "
6-Aug-13,"$1,697.37 "
5-Aug-13,"$1,707.14 "
2-Aug-13,"$1,709.67 "
1-Aug-13,"$1,706.87 "
31-Jul-13,"$1,685.73 "
30-Jul-13,"$1,685.96 "
29-Jul-13,"$1,685.33 "
26-Jul-13,"$1,691.65 "
25-Jul-13,"$1,690.25 "
24-Jul-13,"$1,685.94 "
23-Jul-13,"$1,692.39 "
22-Jul-13,"$1,695.53 "
19-Jul-13,"$1,692.09 "
18-Jul-13,"$1,689.37 "
17-Jul-13,"$1,680.91 "
16-Jul-13,"$1,676.26 "
15-Jul-13,"$1,682.50 "
12-Jul-13,"$1,680.19 "
11-Jul-13,"$1,675.02 "
10-Jul-13,"$1,652.62 "
9-Jul-13,"$1,652.32 "
8-Jul-13,"$1,640.46 "
5-Jul-13,"$1,631.89 "
3-Jul-13,"$1,615.41 "
2-Jul-13,"$1,614.08 "
1-Jul-13,"$1,614.96 "
28-Jun-13,"$1,606.28 "
27-Jun-13,"$1,613.20 "
26-Jun-13,"$1,603.26 "
25-Jun-13,"$1,588.03 "
24-Jun-13,"$1,573.09 "
21-Jun-13,"$1,592.43 "
20-Jun-13,"$1,588.19 "
19-Jun-13,"$1,628.93 "
18-Jun-13,"$1,651.81 "
17-Jun-13,"$1,639.04 "
14-Jun-13,"$1,626.73 "
13-Jun-13,"$1,636.36 "
12-Jun-13,"$1,612.52 "
11-Jun-13,"$1,626.13 "
10-Jun-13,"$1,642.81 "
7-Jun-13,"$1,643.38 "
6-Jun-13,"$1,622.56 "
5-Jun-13,"$1,608.90 "
4-Jun-13,"$1,631.38 "
3-Jun-13,"$1,640.42 "
31-May-13,"$1,630.74 "
30-May-13,"$1,654.41 "
29-May-13,"$1,648.36 "
28-May-13,"$1,660.06 "
24-May-13,"$1,649.60 "
23-May-13,"$1,650.51 "
22-May-13,"$1,655.35 "
21-May-13,"$1,669.16 "
20-May-13,"$1,666.29 "
17-May-13,"$1,667.47 "
16-May-13,"$1,650.47 "
15-May-13,"$1,658.78 "
14-May-13,"$1,650.34 "
13-May-13,"$1,633.77 "
10-May-13,"$1,633.70 "
9-May-13,"$1,626.67 "
8-May-13,"$1,632.69 "
7-May-13,"$1,625.96 "
6-May-13,"$1,617.50 "
3-May-13,"$1,614.42 "
2-May-13,"$1,597.59 "
1-May-13,"$1,582.70 "
30-Apr-13,"$1,597.57 "
29-Apr-13,"$1,593.61 "
26-Apr-13,"$1,582.24 "
25-Apr-13,"$1,585.16 "
24-Apr-13,"$1,578.79 "
23-Apr-13,"$1,578.78 "
22-Apr-13,"$1,562.50 "
19-Apr-13,"$1,555.25 "
18-Apr-13,"$1,541.61 "
17-Apr-13,"$1,552.01 "
16-Apr-13,"$1,574.57 "
15-Apr-13,"$1,552.36 "
12-Apr-13,"$1,588.85 "
11-Apr-13,"$1,593.37 "
10-Apr-13,"$1,587.73 "
9-Apr-13,"$1,568.61 "
8-Apr-13,"$1,563.07 "
5-Apr-13,"$1,553.28 "
4-Apr-13,"$1,559.98 "
3-Apr-13,"$1,553.69 "
2-Apr-13,"$1,570.25 "
1-Apr-13,"$1,562.17 "
28-Mar-13,"$1,569.19 "
27-Mar-13,"$1,562.85 "
26-Mar-13,"$1,563.77 "
25-Mar-13,"$1,551.69 "
22-Mar-13,"$1,556.89 "
21-Mar-13,"$1,545.80 "
20-Mar-13,"$1,558.71 "
19-Mar-13,"$1,548.34 "
18-Mar-13,"$1,552.10 "
15-Mar-13,"$1,560.70 "
14-Mar-13,"$1,563.23 "
13-Mar-13,"$1,554.52 "
12-Mar-13,"$1,552.48 "
11-Mar-13,"$1,556.22 "
8-Mar-13,"$1,551.18 "
7-Mar-13,"$1,544.26 "
6-Mar-13,"$1,541.46 "
5-Mar-13,"$1,539.79 "
4-Mar-13,"$1,525.20 "
1-Mar-13,"$1,518.20 "
28-Feb-13,"$1,514.68 "
27-Feb-13,"$1,515.99 "
26-Feb-13,"$1,496.94 "
25-Feb-13,"$1,487.85 "
22-Feb-13,"$1,515.60 "
21-Feb-13,"$1,502.42 "
20-Feb-13,"$1,511.95 "
19-Feb-13,"$1,530.94 "
15-Feb-13,"$1,519.79 "
14-Feb-13,"$1,521.38 "
13-Feb-13,"$1,520.33 "
12-Feb-13,"$1,519.43 "
11-Feb-13,"$1,517.01 "
8-Feb-13,"$1,517.93 "
7-Feb-13,"$1,509.39 "
6-Feb-13,"$1,512.12 "
5-Feb-13,"$1,511.29 "
4-Feb-13,"$1,495.71 "
1-Feb-13,"$1,513.17 "
31-Jan-13,"$1,498.11 "
30-Jan-13,"$1,501.96 "
29-Jan-13,"$1,507.84 "
28-Jan-13,"$1,500.18 "
25-Jan-13,"$1,502.96 "
24-Jan-13,"$1,494.82 "
23-Jan-13,"$1,494.81 "
22-Jan-13,"$1,492.56 "
18-Jan-13,"$1,485.98 "
17-Jan-13,"$1,480.94 "
16-Jan-13,"$1,472.63 "
15-Jan-13,"$1,472.34 "
14-Jan-13,"$1,470.68 "
11-Jan-13,"$1,472.05 "
10-Jan-13,"$1,472.12 "
9-Jan-13,"$1,461.02 "
8-Jan-13,"$1,457.15 "
7-Jan-13,"$1,461.89 "
4-Jan-13,"$1,466.47 "
3-Jan-13,"$1,459.37 "
2-Jan-13,"$1,462.42 "
31-Dec-12,"$1,426.19 "
28-Dec-12,"$1,402.43 "
27-Dec-12,"$1,418.10 "
26-Dec-12,"$1,419.83 "
24-Dec-12,"$1,426.66 "
21-Dec-12,"$1,430.15 "
20-Dec-12,"$1,443.69 "
19-Dec-12,"$1,435.81 "
18-Dec-12,"$1,446.79 "
17-Dec-12,"$1,430.36 "
14-Dec-12,"$1,413.58 "
13-Dec-12,"$1,419.45 "
12-Dec-12,"$1,428.48 "
11-Dec-12,"$1,427.84 "
10-Dec-12,"$1,418.55 "
7-Dec-12,"$1,418.07 "
6-Dec-12,"$1,413.94 "
5-Dec-12,"$1,409.28 "
4-Dec-12,"$1,407.05 "
3-Dec-12,"$1,409.46 "
30-Nov-12,"$1,416.18 "
29-Nov-12,"$1,415.95 "
28-Nov-12,"$1,409.93 "
27-Nov-12,"$1,398.94 "
26-Nov-12,"$1,406.29 "
23-Nov-12,"$1,409.15 "
21-Nov-12,"$1,391.03 "
20-Nov-12,"$1,387.81 "
19-Nov-12,"$1,386.89 "
16-Nov-12,"$1,359.88 "
15-Nov-12,"$1,353.33 "
14-Nov-12,"$1,355.49 "
13-Nov-12,"$1,374.53 "
12-Nov-12,"$1,380.03 "
9-Nov-12,"$1,379.85 "
8-Nov-12,"$1,377.51 "
7-Nov-12,"$1,394.53 "
6-Nov-12,"$1,428.39 "
5-Nov-12,"$1,417.26 "
2-Nov-12,"$1,414.20 "
1-Nov-12,"$1,427.59 "
31-Oct-12,"$1,412.16 "
26-Oct-12,"$1,411.94 "
25-Oct-12,"$1,412.97 "
24-Oct-12,"$1,408.75 "
23-Oct-12,"$1,413.11 "
22-Oct-12,"$1,433.82 "
19-Oct-12,"$1,433.19 "
18-Oct-12,"$1,457.34 "
17-Oct-12,"$1,460.91 "
16-Oct-12,"$1,454.92 "
15-Oct-12,"$1,440.13 "
12-Oct-12,"$1,428.59 "
11-Oct-12,"$1,432.84 "
10-Oct-12,"$1,432.56 "
9-Oct-12,"$1,441.48 "
8-Oct-12,"$1,455.88 "
5-Oct-12,"$1,460.93 "
4-Oct-12,"$1,461.40 "
3-Oct-12,"$1,450.99 "
2-Oct-12,"$1,445.75 "
1-Oct-12,"$1,444.49 "